filename,words
104.jpg,Акционерная
105.jpg,компания
106.jpg,«АЛРОСА»
107.jpg,(ПАО)
111.jpg,Бухгалтерская
112.jpg,(финансовая)
113.jpg,отчетность
114.jpg,за
115.jpg,"год,"""
116.jpg,закончившийся
117.jpg,31
118.jpg,декабря
119.jpg,2016
120.jpg,г.
124.jpg,ОТЧЕТ
125.jpg,О
126.jpg,ДВИЖЕНИИ
127.jpg,ДЕНЕЖНЫХ
128.jpg,СРЕДСТВ
132.jpg,за
133.jpg,2016
134.jpg,год
138.jpg,Организация
139.jpg,АК
140.jpg,«АЛРОСА»
141.jpg,(ПАО)
143.jpg,Идентификационный
144.jpg,номер
145.jpg,налогоплательщика
148.jpg,Вид
149.jpg,деятельности
150.jpg,Добыча
151.jpg,алмазов
153.jpg,Организационно-правовая
154.jpg,форма/форма
155.jpg,собственности
159.jpg,публичное
160.jpg,акционерное
161.jpg,общество/
162.jpg,смешанная
163.jpg,российская
164.jpg,собственность
165.jpg,с
167.jpg,долями
168.jpg,федеральной
169.jpg,собственности
170.jpg,и
171.jpg,собственности
172.jpg,субъектов
173.jpg,Российской
175.jpg,Федерации
179.jpg,Единица
180.jpg,измерения:
181.jpg,тыс.
182.jpg,руб./млн.
183.jpg,руб.(ненужное
184.jpg,зачеркнуть)
188.jpg,Наименование
189.jpg,показателя
193.jpg,1
197.jpg,Денежные
198.jpg,потоки
199.jpg,от
200.jpg,текущих
201.jpg,операций
203.jpg,Поступления
204.jpg,-
205.jpg,всего
207.jpg,в
208.jpg,том
209.jpg,числе:
211.jpg,от
212.jpg,продажи
213.jpg,"продукции,"""
214.jpg,"товаров,"""
215.jpg,работ
216.jpg,и
217.jpg,услуг
219.jpg,арендных
220.jpg,"платежей,"""
221.jpg,лицензионных
222.jpg,"платежей,"""
223.jpg,"роялти,"""
225.jpg,комиссионных
226.jpg,и
227.jpg,иных
228.jpg,аналогичных
229.jpg,платежей
231.jpg,от
232.jpg,перепродажи
233.jpg,финансовых
234.jpg,вложений
236.jpg,прочие
237.jpg,поступления
239.jpg,Платежи
240.jpg,-
241.jpg,всего
243.jpg,в
244.jpg,том
245.jpg,числе:
247.jpg,поставщикам
248.jpg,(подрядчикам)
249.jpg,за
250.jpg,"сырье,"""
251.jpg,"материалы,"""
252.jpg,"работы,"""
253.jpg,услуги
255.jpg,в
256.jpg,связи
257.jpg,с
258.jpg,оплатой
259.jpg,труда
260.jpg,работников
262.jpg,процентов
263.jpg,по
264.jpg,долговым
265.jpg,обязательствам
267.jpg,налога
268.jpg,на
269.jpg,прибыль
271.jpg,прочие
272.jpg,платежи
274.jpg,Сальдо
275.jpg,денежных
276.jpg,потоков
277.jpg,от
278.jpg,текущих
279.jpg,операций
281.jpg,Денежные
282.jpg,потоки
283.jpg,от
284.jpg,инвестиционных
285.jpg,операций
287.jpg,Поступления
288.jpg,-
289.jpg,всего
291.jpg,в
292.jpg,том
293.jpg,числе:
295.jpg,от
296.jpg,продажи
297.jpg,внеоборотных
298.jpg,активов
299.jpg,(кроме
300.jpg,финансовых
301.jpg,вложений)
303.jpg,от
304.jpg,продажи
305.jpg,акций
306.jpg,других
307.jpg,организаций
308.jpg,(долей
309.jpg,участия)
311.jpg,от
312.jpg,возврата
313.jpg,предоставленных
314.jpg,"займов,"""
315.jpg,от
316.jpg,продажи
317.jpg,долговых
318.jpg,ценных
320.jpg,бумаг
321.jpg,(прав
322.jpg,требования
323.jpg,денежных
324.jpg,средств
325.jpg,к
326.jpg,другим
327.jpg,лицам)
329.jpg,"дивидендов,"""
330.jpg,процентов
331.jpg,по
332.jpg,долговым
333.jpg,финансовым
334.jpg,вложениям
335.jpg,и
337.jpg,аналогичных
338.jpg,поступлений
339.jpg,от
340.jpg,долевого
341.jpg,участия
342.jpg,в
343.jpg,других
345.jpg,организациях
347.jpg,прочие
348.jpg,поступления
350.jpg,Платежи
351.jpg,-
352.jpg,всего
354.jpg,в
355.jpg,том
356.jpg,числе:
358.jpg,в
359.jpg,связи
360.jpg,с
361.jpg,"приобретением,"""
362.jpg,"созданием,"""
363.jpg,"модернизацией,"""
365.jpg,реконструкцией
366.jpg,и
367.jpg,подготовкой
368.jpg,к
369.jpg,использованию
370.jpg,внеоборотных
372.jpg,активов
374.jpg,в
375.jpg,связи
376.jpg,с
377.jpg,приобретением
378.jpg,акций
379.jpg,других
380.jpg,организаций
381.jpg,(долей
382.jpg,участия)
384.jpg,в
385.jpg,связи
386.jpg,с
387.jpg,приобретением
388.jpg,долговых
389.jpg,ценных
390.jpg,бумаг
391.jpg,(прав
392.jpg,требования
394.jpg,денежных
395.jpg,средств
396.jpg,к
397.jpg,другим
398.jpg,"лицам),"""
399.jpg,предоставление
400.jpg,займов
401.jpg,другим
403.jpg,лицам
405.jpg,процентов
406.jpg,по
407.jpg,долговым
408.jpg,"обязательствам,"""
409.jpg,включаемым
410.jpg,в
411.jpg,стоимость
413.jpg,инвестиционного
414.jpg,актива
416.jpg,прочие
417.jpg,платежи
419.jpg,Сальдо
420.jpg,денежных
421.jpg,потоков
422.jpg,от
423.jpg,инвестиционных
424.jpg,операций
428.jpg,Коды
430.jpg,Форма
431.jpg,по
432.jpg,ОКУД
433.jpg,0710004
435.jpg,Дата
436.jpg,"(число,"""
437.jpg,"месяц,"""
438.jpg,год)
439.jpg,31
440.jpg,12]
441.jpg,2016
443.jpg,по
444.jpg,ОКПО
445.jpg,23308410
447.jpg,ИНН
448.jpg,1433000147
450.jpg,по
451.jpg,ОКВЭД
452.jpg,14.50.22
454.jpg,по
455.jpg,ОКОПФ/ОКФС
456.jpg,12247
457.jpg,43
459.jpg,по
460.jpg,ОКЕЙ
461.jpg,384
463.jpg,Код
464.jpg,За
465.jpg,2016
466.jpg,год
467.jpg,За
468.jpg,2015
469.jpg,год
471.jpg,2
472.jpg,3
473.jpg,4
475.jpg,4110
476.jpg,254
477.jpg,098
478.jpg,698
479.jpg,185
480.jpg,120
481.jpg,452
483.jpg,4111
484.jpg,246
485.jpg,425
486.jpg,956
487.jpg,178
488.jpg,295
489.jpg,432
491.jpg,4112
492.jpg,4
493.jpg,249
494.jpg,316
495.jpg,4
496.jpg,702
497.jpg,296
499.jpg,4113
500.jpg,-
501.jpg,-
503.jpg,4119
504.jpg,3
505.jpg,423
506.jpg,426
507.jpg,2
508.jpg,122
509.jpg,724
511.jpg,4120
512.jpg,(157
513.jpg,187
514.jpg,287)
515.jpg,(138
516.jpg,897
517.jpg,714)
520.jpg,(44
521.jpg,817
522.jpg,749)
523.jpg,(42
524.jpg,019
525.jpg,691)
527.jpg,4122
528.jpg,(35
529.jpg,115
530.jpg,745)
531.jpg,(32
532.jpg,607
533.jpg,521)
535.jpg,4123
536.jpg,(10
537.jpg,708
538.jpg,090)
539.jpg,(11
540.jpg,655
541.jpg,705)
543.jpg,4124
544.jpg,(22
545.jpg,181
546.jpg,232)
547.jpg,(5
548.jpg,041
549.jpg,878)
551.jpg,4129
552.jpg,(44
553.jpg,364
554.jpg,471)
555.jpg,(47
556.jpg,572
557.jpg,919)
559.jpg,4100
560.jpg,96911
561.jpg,411
562.jpg,46
563.jpg,222
564.jpg,738
566.jpg,4210
567.jpg,103
568.jpg,969
569.jpg,958
570.jpg,55
571.jpg,357
572.jpg,477
574.jpg,4211
575.jpg,228
576.jpg,355
577.jpg,143
578.jpg,231
580.jpg,4212
581.jpg,963
582.jpg,190
583.jpg,271
584.jpg,326
586.jpg,4213
587.jpg,11
588.jpg,844
589.jpg,551
590.jpg,9
591.jpg,864
592.jpg,198
594.jpg,4214
595.jpg,22
596.jpg,266
597.jpg,882
598.jpg,17
599.jpg,278
600.jpg,697
602.jpg,4219
603.jpg,68
604.jpg,666
605.jpg,980
606.jpg,27
607.jpg,800
608.jpg,025
610.jpg,4220
611.jpg,(125
612.jpg,476
613.jpg,228)
614.jpg,(64
615.jpg,318
616.jpg,253)
618.jpg,4221
619.jpg,(23
620.jpg,262
621.jpg,065)
622.jpg,(24
623.jpg,137
624.jpg,803)
626.jpg,4222
627.jpg,(484
628.jpg,004)
629.jpg,(48
630.jpg,370)
632.jpg,4223
633.jpg,(101256
634.jpg,851)
635.jpg,(39
636.jpg,738
637.jpg,347)
639.jpg,4224
640.jpg,(432
641.jpg,399)
642.jpg,(359
643.jpg,401)
645.jpg,4229
646.jpg,(40
647.jpg,909)
648.jpg,(34
649.jpg,332)
651.jpg,4200
652.jpg,(21
653.jpg,506
654.jpg,270)
655.jpg,{8
656.jpg,960
657.jpg,776)
